{"id":1740585356069,"appId":"com.android.BBKClock","activityId":"com.android.BBKClock.Timer","screenHeight":2400,"screenWidth":1080,"isLandscape":false,"appInfo":{"id":"com.android.BBKClock","name":"闹钟时钟","versionCode":7237,"versionName":"7.2.3.7","isSystem":true,"mtime":1737806535792,"hidden":false},"gkdAppInfo":{"id":"li.songe.gkd","name":"GKD","versionCode":52,"versionName":"1.9.3","isSystem":false,"mtime":1733624001197,"hidden":false},"device":{"device":"PD2199","model":"V2199A","manufacturer":"vivo","brand":"vivo","sdkInt":34,"release":"14"},"appName":"闹钟时钟","appVersionCode":7237,"appVersionName":"7.2.3.7","nodes":[{"id":0,"pid":-1,"idQf":null,"textQf":null,"attr":{"id":null,"vid":null,"name":"android.widget.FrameLayout","text":null,"desc":null,"clickable":false,"focusable":false,"checkable":false,"checked":false,"editable":false,"longClickable":false,"visibleToUser":true,"left":0,"top":0,"right":1080,"bottom":2400,"width":1080,"height":2400,"childCount":1,"index":0,"depth":0}},{"id":1,"pid":0,"idQf":null,"textQf":null,"attr":{"id":null,"vid":null,"name":"android.widget.LinearLayout","text":null,"desc":null,"clickable":false,"focusable":false,"checkable":false,"checked":false,"editable":false,"longClickable":false,"visibleToUser":true,"left":0,"top":0,"right":1080,"bottom":2400,"width":1080,"height":2400,"childCount":1,"index":0,"depth":1}},{"id":2,"pid":1,"idQf":true,"textQf":null,"attr":{"id":"android:id/content","vid":null,"name":"android.widget.FrameLayout","text":null,"desc":null,"clickable":false,"focusable":false,"checkable":false,"checked":false,"editable":false,"longClickable":false,"visibleToUser":true,"left":0,"top":0,"right":1080,"bottom":2400,"width":1080,"height":2400,"childCount":1,"index":0,"depth":2}},{"id":3,"pid":2,"idQf":true,"textQf":null,"attr":{"id":"com.android.BBKClock:id/main_content_layout","vid":"main_content_layout","name":"android.view.ViewGroup","text":null,"desc":null,"clickable":false,"focusable":false,"checkable":false,"checked":false,"editable":false,"longClickable":false,"visibleToUser":true,"left":0,"top":0,"right":1080,"bottom":2400,"width":1080,"height":2400,"childCount":2,"index":0,"depth":3}},{"id":4,"pid":3,"idQf":true,"textQf":null,"attr":{"id":"com.android.BBKClock:id/fl_fragment_container","vid":"fl_fragment_container","name":"android.widget.FrameLayout","text":null,"desc":null,"clickable":false,"focusable":false,"checkable":false,"checked":false,"editable":false,"longClickable":false,"visibleToUser":true,"left":0,"top":0,"right":1080,"bottom":2400,"width":1080,"height":2400,"childCount":1,"index":0,"depth":4}},{"id":5,"pid":4,"idQf":true,"textQf":null,"attr":{"id":"com.android.BBKClock:id/root","vid":"root","name":"android.widget.RelativeLayout","text":null,"desc":null,"clickable":false,"focusable":false,"checkable":false,"checked":false,"editable":false,"longClickable":false,"visibleToUser":true,"left":0,"top":0,"right":1080,"bottom":2400,"width":1080,"height":2400,"childCount":2,"index":0,"depth":5}},{"id":6,"pid":5,"idQf":true,"textQf":null,"attr":{"id":"com.android.BBKClock:id/hl_world_clock","vid":"hl_world_clock","name":"android.widget.LinearLayout","text":null,"desc":null,"clickable":false,"focusable":false,"checkable":false,"checked":false,"editable":false,"longClickable":false,"visibleToUser":true,"left":0,"top":0,"right":1080,"bottom":2400,"width":1080,"height":2400,"childCount":1,"index":0,"depth":6}},{"id":7,"pid":6,"idQf":true,"textQf":null,"attr":{"id":"com.android.BBKClock:id/world_time_header_layout","vid":"world_time_header_layout","name":"android.widget.LinearLayout","text":null,"desc":null,"clickable":false,"focusable":false,"checkable":false,"checked":false,"editable":false,"longClickable":false,"visibleToUser":true,"left":0,"top":336,"right":1080,"bottom":1289,"width":1080,"height":953,"childCount":2,"index":0,"depth":7}},{"id":8,"pid":7,"idQf":true,"textQf":null,"attr":{"id":"com.android.BBKClock:id/fl_top","vid":"fl_top","name":"android.widget.FrameLayout","text":null,"desc":null,"clickable":true,"focusable":true,"checkable":false,"checked":false,"editable":false,"longClickable":false,"visibleToUser":true,"left":0,"top":372,"right":1080,"bottom":1152,"width":1080,"height":780,"childCount":2,"index":0,"depth":8}},{"id":9,"pid":8,"idQf":true,"textQf":null,"attr":{"id":"com.android.BBKClock:id/world_time_analog_clock","vid":"world_time_analog_clock","name":"android.widget.LinearLayout","text":null,"desc":null,"clickable":false,"focusable":false,"checkable":false,"checked":false,"editable":false,"longClickable":false,"visibleToUser":true,"left":0,"top":372,"right":1080,"bottom":1152,"width":1080,"height":780,"childCount":1,"index":0,"depth":9}},{"id":10,"pid":9,"idQf":null,"textQf":null,"attr":{"id":null,"vid":null,"name":"android.widget.FrameLayout","text":null,"desc":null,"clickable":false,"focusable":false,"checkable":false,"checked":false,"editable":false,"longClickable":false,"visibleToUser":true,"left":0,"top":372,"right":1080,"bottom":1152,"width":1080,"height":780,"childCount":5,"index":0,"depth":10}},{"id":11,"pid":10,"idQf":true,"textQf":null,"attr":{"id":"com.android.BBKClock:id/clock_number","vid":"clock_number","name":"android.view.View","text":null,"desc":null,"clickable":false,"focusable":false,"checkable":false,"checked":false,"editable":false,"longClickable":false,"visibleToUser":true,"left":0,"top":372,"right":1080,"bottom":1152,"width":1080,"height":780,"childCount":0,"index":0,"depth":11}},{"id":12,"pid":10,"idQf":true,"textQf":null,"attr":{"id":"com.android.BBKClock:id/clock_plate_day","vid":"clock_plate_day","name":"android.widget.ImageView","text":null,"desc":null,"clickable":false,"focusable":false,"checkable":false,"checked":false,"editable":false,"longClickable":false,"visibleToUser":true,"left":150,"top":372,"right":930,"bottom":1152,"width":780,"height":780,"childCount":0,"index":1,"depth":11}},{"id":13,"pid":10,"idQf":true,"textQf":null,"attr":{"id":"com.android.BBKClock:id/clock_minute","vid":"clock_minute","name":"android.widget.ImageView","text":null,"desc":null,"clickable":false,"focusable":false,"checkable":false,"checked":false,"editable":false,"longClickable":false,"visibleToUser":true,"left":340,"top":398,"right":740,"bottom":1126,"width":400,"height":728,"childCount":0,"index":2,"depth":11}},{"id":14,"pid":10,"idQf":true,"textQf":null,"attr":{"id":"com.android.BBKClock:id/clock_hour","vid":"clock_hour","name":"android.widget.ImageView","text":null,"desc":null,"clickable":false,"focusable":false,"checkable":false,"checked":false,"editable":false,"longClickable":false,"visibleToUser":true,"left":479,"top":383,"right":601,"bottom":1141,"width":122,"height":758,"childCount":0,"index":3,"depth":11}},{"id":15,"pid":10,"idQf":true,"textQf":null,"attr":{"id":"com.android.BBKClock:id/clock_second","vid":"clock_second","name":"android.widget.ImageView","text":null,"desc":null,"clickable":false,"focusable":false,"checkable":false,"checked":false,"editable":false,"longClickable":false,"visibleToUser":true,"left":342,"top":397,"right":738,"bottom":1127,"width":396,"height":730,"childCount":0,"index":4,"depth":11}},{"id":16,"pid":8,"idQf":true,"textQf":null,"attr":{"id":"com.android.BBKClock:id/view_world_clock","vid":"view_world_clock","name":"android.view.View","text":null,"desc":"23:55:56","clickable":false,"focusable":false,"checkable":false,"checked":false,"editable":false,"longClickable":false,"visibleToUser":true,"left":150,"top":372,"right":930,"bottom":1152,"width":780,"height":780,"childCount":0,"index":1,"depth":9}},{"id":17,"pid":7,"idQf":true,"textQf":null,"attr":{"id":"com.android.BBKClock:id/current_timezone_info","vid":"current_timezone_info","name":"android.widget.LinearLayout","text":null,"desc":"","clickable":false,"focusable":true,"checkable":false,"checked":false,"editable":false,"longClickable":false,"visibleToUser":true,"left":0,"top":1182,"right":1080,"bottom":1289,"width":1080,"height":107,"childCount":2,"index":1,"depth":8}},{"id":18,"pid":17,"idQf":true,"textQf":true,"attr":{"id":"com.android.BBKClock:id/local_timezone","vid":"local_timezone","name":"android.widget.TextView","text":"中国标准时间","desc":null,"clickable":false,"focusable":false,"checkable":false,"checked":false,"editable":false,"longClickable":false,"visibleToUser":true,"left":432,"top":1182,"right":648,"bottom":1230,"width":216,"height":48,"childCount":0,"index":0,"depth":9}},{"id":19,"pid":17,"idQf":true,"textQf":true,"attr":{"id":"com.android.BBKClock:id/local_time","vid":"local_time","name":"android.widget.TextView","text":"2月26日    星期三","desc":null,"clickable":false,"focusable":false,"checkable":false,"checked":false,"editable":false,"longClickable":false,"visibleToUser":true,"left":371,"top":1230,"right":709,"bottom":1289,"width":338,"height":59,"childCount":0,"index":1,"depth":9}},{"id":20,"pid":5,"idQf":true,"textQf":null,"attr":{"id":"com.android.BBKClock:id/group_bbk_clock_title","vid":"group_bbk_clock_title","name":"android.widget.FrameLayout","text":null,"desc":null,"clickable":false,"focusable":false,"checkable":false,"checked":false,"editable":false,"longClickable":false,"visibleToUser":true,"left":0,"top":0,"right":1080,"bottom":336,"width":1080,"height":336,"childCount":1,"index":1,"depth":6}},{"id":21,"pid":20,"idQf":true,"textQf":null,"attr":{"id":"com.android.BBKClock:id/originui_vtoolbar_vtoolbarinternal_container_rom14_0","vid":"originui_vtoolbar_vtoolbarinternal_container_rom14_0","name":"android.view.ViewGroup","text":null,"desc":null,"clickable":false,"focusable":true,"checkable":false,"checked":false,"editable":false,"longClickable":false,"visibleToUser":true,"left":24,"top":84,"right":1056,"bottom":336,"width":1032,"height":252,"childCount":2,"index":0,"depth":7}},{"id":22,"pid":21,"idQf":true,"textQf":true,"attr":{"id":"com.android.BBKClock:id/originui_vtoolbar_normal_title_rom14_0","vid":"originui_vtoolbar_normal_title_rom14_0","name":"android.widget.TextView","text":"世界时钟","desc":null,"clickable":false,"focusable":true,"checkable":false,"checked":false,"editable":false,"longClickable":false,"visibleToUser":true,"left":91,"top":161,"right":379,"bottom":255,"width":288,"height":94,"childCount":0,"index":0,"depth":8}},{"id":23,"pid":21,"idQf":true,"textQf":null,"attr":{"id":"com.android.BBKClock:id/originui_vtoolbar_vtoolbarinternal_menulayout_container_rom14_0","vid":"originui_vtoolbar_vtoolbarinternal_menulayout_container_rom14_0","name":"android.widget.LinearLayout","text":null,"desc":null,"clickable":false,"focusable":false,"checkable":false,"checked":false,"editable":false,"longClickable":false,"visibleToUser":true,"left":749,"top":141,"right":1019,"bottom":279,"width":270,"height":138,"childCount":2,"index":1,"depth":8}},{"id":24,"pid":23,"idQf":null,"textQf":null,"attr":{"id":null,"vid":null,"name":"android.widget.Button","text":null,"desc":"添加城市","clickable":true,"focusable":true,"checkable":false,"checked":false,"editable":false,"longClickable":false,"visibleToUser":true,"left":749,"top":144,"right":881,"bottom":276,"width":132,"height":132,"childCount":0,"index":0,"depth":9}},{"id":25,"pid":23,"idQf":null,"textQf":null,"attr":{"id":null,"vid":null,"name":"android.widget.Button","text":null,"desc":"更多","clickable":true,"focusable":true,"checkable":false,"checked":false,"editable":false,"longClickable":false,"visibleToUser":true,"left":887,"top":144,"right":1019,"bottom":276,"width":132,"height":132,"childCount":0,"index":1,"depth":9}},{"id":26,"pid":3,"idQf":true,"textQf":null,"attr":{"id":"com.android.BBKClock:id/tabLayout","vid":"tabLayout","name":"android.widget.FrameLayout","text":null,"desc":null,"clickable":true,"focusable":true,"checkable":false,"checked":false,"editable":false,"longClickable":false,"visibleToUser":true,"left":0,"top":2076,"right":1080,"bottom":2400,"width":1080,"height":324,"childCount":1,"index":1,"depth":4}},{"id":27,"pid":26,"idQf":null,"textQf":null,"attr":{"id":null,"vid":null,"name":"android.widget.LinearLayout","text":null,"desc":null,"clickable":false,"focusable":false,"checkable":false,"checked":false,"editable":false,"longClickable":false,"visibleToUser":true,"left":0,"top":2076,"right":1080,"bottom":2274,"width":1080,"height":198,"childCount":4,"index":0,"depth":5}},{"id":28,"pid":27,"idQf":null,"textQf":null,"attr":{"id":null,"vid":null,"name":"android.widget.FrameLayout","text":null,"desc":"闹钟","clickable":true,"focusable":true,"checkable":false,"checked":false,"editable":false,"longClickable":false,"visibleToUser":true,"left":0,"top":2076,"right":270,"bottom":2274,"width":270,"height":198,"childCount":1,"index":0,"depth":6}},{"id":29,"pid":28,"idQf":true,"textQf":null,"attr":{"id":"com.android.BBKClock:id/vivo_navigation_bar_item_root","vid":"vivo_navigation_bar_item_root","name":"android.widget.LinearLayout","text":null,"desc":null,"clickable":false,"focusable":false,"checkable":false,"checked":false,"editable":false,"longClickable":false,"visibleToUser":true,"left":81,"top":2097,"right":189,"bottom":2234,"width":108,"height":137,"childCount":2,"index":0,"depth":7}},{"id":30,"pid":29,"idQf":true,"textQf":null,"attr":{"id":"com.android.BBKClock:id/vivo_navigation_bar_item_icon_container","vid":"vivo_navigation_bar_item_icon_container","name":"android.widget.FrameLayout","text":null,"desc":null,"clickable":false,"focusable":false,"checkable":false,"checked":false,"editable":false,"longClickable":false,"visibleToUser":true,"left":81,"top":2097,"right":189,"bottom":2205,"width":108,"height":108,"childCount":1,"index":0,"depth":8}},{"id":31,"pid":30,"idQf":true,"textQf":null,"attr":{"id":"com.android.BBKClock:id/vivo_navigation_bar_item_icon_view","vid":"vivo_navigation_bar_item_icon_view","name":"android.widget.ImageView","text":null,"desc":null,"clickable":false,"focusable":false,"checkable":false,"checked":false,"editable":false,"longClickable":false,"visibleToUser":true,"left":81,"top":2097,"right":189,"bottom":2205,"width":108,"height":108,"childCount":0,"index":0,"depth":9}},{"id":32,"pid":29,"idQf":true,"textQf":null,"attr":{"id":"com.android.BBKClock:id/vivo_navigation_bar_item_labels_group","vid":"vivo_navigation_bar_item_labels_group","name":"android.view.ViewGroup","text":null,"desc":null,"clickable":false,"focusable":false,"checkable":false,"checked":false,"editable":false,"longClickable":false,"visibleToUser":true,"left":102,"top":2190,"right":168,"bottom":2234,"width":66,"height":44,"childCount":1,"index":1,"depth":8}},{"id":33,"pid":32,"idQf":true,"textQf":true,"attr":{"id":"com.android.BBKClock:id/vivo_navigation_bar_item_small_label_view","vid":"vivo_navigation_bar_item_small_label_view","name":"android.widget.TextView","text":"闹钟","desc":null,"clickable":false,"focusable":false,"checkable":false,"checked":false,"editable":false,"longClickable":false,"visibleToUser":true,"left":102,"top":2190,"right":168,"bottom":2234,"width":66,"height":44,"childCount":0,"index":0,"depth":9}},{"id":34,"pid":27,"idQf":null,"textQf":null,"attr":{"id":null,"vid":null,"name":"android.widget.FrameLayout","text":null,"desc":"世界时钟","clickable":false,"focusable":true,"checkable":false,"checked":false,"editable":false,"longClickable":false,"visibleToUser":true,"left":270,"top":2076,"right":540,"bottom":2274,"width":270,"height":198,"childCount":1,"index":1,"depth":6}},{"id":35,"pid":34,"idQf":true,"textQf":null,"attr":{"id":"com.android.BBKClock:id/vivo_navigation_bar_item_root","vid":"vivo_navigation_bar_item_root","name":"android.widget.LinearLayout","text":null,"desc":null,"clickable":false,"focusable":false,"checkable":false,"checked":false,"editable":false,"longClickable":false,"visibleToUser":true,"left":339,"top":2097,"right":471,"bottom":2234,"width":132,"height":137,"childCount":2,"index":0,"depth":7}},{"id":36,"pid":35,"idQf":true,"textQf":null,"attr":{"id":"com.android.BBKClock:id/vivo_navigation_bar_item_labels_group","vid":"vivo_navigation_bar_item_labels_group","name":"android.view.ViewGroup","text":null,"desc":null,"clickable":false,"focusable":false,"checkable":false,"checked":false,"editable":false,"longClickable":false,"visibleToUser":true,"left":339,"top":2190,"right":471,"bottom":2234,"width":132,"height":44,"childCount":1,"index":0,"depth":8}},{"id":37,"pid":36,"idQf":true,"textQf":true,"attr":{"id":"com.android.BBKClock:id/vivo_navigation_bar_item_small_label_view","vid":"vivo_navigation_bar_item_small_label_view","name":"android.widget.TextView","text":"世界时钟","desc":null,"clickable":false,"focusable":true,"checkable":false,"checked":false,"editable":false,"longClickable":false,"visibleToUser":true,"left":339,"top":2190,"right":471,"bottom":2234,"width":132,"height":44,"childCount":0,"index":0,"depth":9}},{"id":38,"pid":35,"idQf":true,"textQf":null,"attr":{"id":"com.android.BBKClock:id/vivo_navigation_bar_item_icon_container","vid":"vivo_navigation_bar_item_icon_container","name":"android.widget.FrameLayout","text":null,"desc":null,"clickable":false,"focusable":false,"checkable":false,"checked":false,"editable":false,"longClickable":false,"visibleToUser":true,"left":351,"top":2097,"right":459,"bottom":2205,"width":108,"height":108,"childCount":1,"index":1,"depth":8}},{"id":39,"pid":38,"idQf":true,"textQf":null,"attr":{"id":"com.android.BBKClock:id/vivo_navigation_bar_item_icon_view","vid":"vivo_navigation_bar_item_icon_view","name":"android.widget.ImageView","text":null,"desc":null,"clickable":false,"focusable":false,"checkable":false,"checked":false,"editable":false,"longClickable":false,"visibleToUser":true,"left":351,"top":2097,"right":459,"bottom":2205,"width":108,"height":108,"childCount":0,"index":0,"depth":9}},{"id":40,"pid":27,"idQf":null,"textQf":null,"attr":{"id":null,"vid":null,"name":"android.widget.FrameLayout","text":null,"desc":"秒表","clickable":true,"focusable":true,"checkable":false,"checked":false,"editable":false,"longClickable":false,"visibleToUser":true,"left":540,"top":2076,"right":810,"bottom":2274,"width":270,"height":198,"childCount":1,"index":2,"depth":6}},{"id":41,"pid":40,"idQf":true,"textQf":null,"attr":{"id":"com.android.BBKClock:id/vivo_navigation_bar_item_root","vid":"vivo_navigation_bar_item_root","name":"android.widget.LinearLayout","text":null,"desc":null,"clickable":false,"focusable":false,"checkable":false,"checked":false,"editable":false,"longClickable":false,"visibleToUser":true,"left":621,"top":2097,"right":729,"bottom":2234,"width":108,"height":137,"childCount":2,"index":0,"depth":7}},{"id":42,"pid":41,"idQf":true,"textQf":null,"attr":{"id":"com.android.BBKClock:id/vivo_navigation_bar_item_icon_container","vid":"vivo_navigation_bar_item_icon_container","name":"android.widget.FrameLayout","text":null,"desc":null,"clickable":false,"focusable":false,"checkable":false,"checked":false,"editable":false,"longClickable":false,"visibleToUser":true,"left":621,"top":2097,"right":729,"bottom":2205,"width":108,"height":108,"childCount":1,"index":0,"depth":8}},{"id":43,"pid":42,"idQf":true,"textQf":null,"attr":{"id":"com.android.BBKClock:id/vivo_navigation_bar_item_icon_view","vid":"vivo_navigation_bar_item_icon_view","name":"android.widget.ImageView","text":null,"desc":null,"clickable":false,"focusable":false,"checkable":false,"checked":false,"editable":false,"longClickable":false,"visibleToUser":true,"left":621,"top":2097,"right":729,"bottom":2205,"width":108,"height":108,"childCount":0,"index":0,"depth":9}},{"id":44,"pid":41,"idQf":true,"textQf":null,"attr":{"id":"com.android.BBKClock:id/vivo_navigation_bar_item_labels_group","vid":"vivo_navigation_bar_item_labels_group","name":"android.view.ViewGroup","text":null,"desc":null,"clickable":false,"focusable":false,"checkable":false,"checked":false,"editable":false,"longClickable":false,"visibleToUser":true,"left":642,"top":2190,"right":708,"bottom":2234,"width":66,"height":44,"childCount":1,"index":1,"depth":8}},{"id":45,"pid":44,"idQf":true,"textQf":true,"attr":{"id":"com.android.BBKClock:id/vivo_navigation_bar_item_small_label_view","vid":"vivo_navigation_bar_item_small_label_view","name":"android.widget.TextView","text":"秒表","desc":null,"clickable":false,"focusable":false,"checkable":false,"checked":false,"editable":false,"longClickable":false,"visibleToUser":true,"left":642,"top":2190,"right":708,"bottom":2234,"width":66,"height":44,"childCount":0,"index":0,"depth":9}},{"id":46,"pid":27,"idQf":null,"textQf":null,"attr":{"id":null,"vid":null,"name":"android.widget.FrameLayout","text":null,"desc":"计时器","clickable":true,"focusable":true,"checkable":false,"checked":false,"editable":false,"longClickable":false,"visibleToUser":true,"left":810,"top":2076,"right":1080,"bottom":2274,"width":270,"height":198,"childCount":1,"index":3,"depth":6}},{"id":47,"pid":46,"idQf":true,"textQf":null,"attr":{"id":"com.android.BBKClock:id/vivo_navigation_bar_item_root","vid":"vivo_navigation_bar_item_root","name":"android.widget.LinearLayout","text":null,"desc":null,"clickable":false,"focusable":false,"checkable":false,"checked":false,"editable":false,"longClickable":false,"visibleToUser":true,"left":891,"top":2097,"right":999,"bottom":2234,"width":108,"height":137,"childCount":2,"index":0,"depth":7}},{"id":48,"pid":47,"idQf":true,"textQf":null,"attr":{"id":"com.android.BBKClock:id/vivo_navigation_bar_item_icon_container","vid":"vivo_navigation_bar_item_icon_container","name":"android.widget.FrameLayout","text":null,"desc":null,"clickable":false,"focusable":false,"checkable":false,"checked":false,"editable":false,"longClickable":false,"visibleToUser":true,"left":891,"top":2097,"right":999,"bottom":2205,"width":108,"height":108,"childCount":1,"index":0,"depth":8}},{"id":49,"pid":48,"idQf":true,"textQf":null,"attr":{"id":"com.android.BBKClock:id/vivo_navigation_bar_item_icon_view","vid":"vivo_navigation_bar_item_icon_view","name":"android.widget.ImageView","text":null,"desc":null,"clickable":false,"focusable":false,"checkable":false,"checked":false,"editable":false,"longClickable":false,"visibleToUser":true,"left":891,"top":2097,"right":999,"bottom":2205,"width":108,"height":108,"childCount":0,"index":0,"depth":9}},{"id":50,"pid":47,"idQf":true,"textQf":null,"attr":{"id":"com.android.BBKClock:id/vivo_navigation_bar_item_labels_group","vid":"vivo_navigation_bar_item_labels_group","name":"android.view.ViewGroup","text":null,"desc":null,"clickable":false,"focusable":false,"checkable":false,"checked":false,"editable":false,"longClickable":false,"visibleToUser":true,"left":895,"top":2190,"right":994,"bottom":2234,"width":99,"height":44,"childCount":1,"index":1,"depth":8}},{"id":51,"pid":50,"idQf":true,"textQf":true,"attr":{"id":"com.android.BBKClock:id/vivo_navigation_bar_item_small_label_view","vid":"vivo_navigation_bar_item_small_label_view","name":"android.widget.TextView","text":"计时器","desc":null,"clickable":false,"focusable":false,"checkable":false,"checked":false,"editable":false,"longClickable":false,"visibleToUser":true,"left":895,"top":2190,"right":994,"bottom":2234,"width":99,"height":44,"childCount":0,"index":0,"depth":9}}]}